2.0,1,530101,38.5,66.0,28.0,3.0,3.0,,2.0,5.0,4.0,4.0,,,,3.0,5.0,45.0,8.4,,,2.0,2,11300,0,0,2
1.0,1,534817,39.2,88.0,20.0,2.0,2.0,4.0,1.0,3.0,4.0,2.0,,,,4.0,2.0,50.0,85.0,2.0,2.0,3.0,2,2208,0,0,2
2.0,1,530334,38.3,40.0,24.0,1.0,1.0,3.0,1.0,3.0,3.0,1.0,,,,1.0,1.0,33.0,6.7,2.5,3.65,1.0,2,0,0,0,1
1.0,9,5290409,39.1,164.0,84.0,4.0,1.0,6.0,2.0,2.0,4.0,4.0,1.0,2.0,5.0,3.0,1.6666666666666665,48.0,7.2,3.0,5.3,2.0,1,2208,0,0,1
2.0,1,530255,37.3,104.0,35.0,3.0,1.0,6.0,2.0,2.0,3.5,3.0,1.5,1.5,4.714285714285714,3.0,2.333333333333333,74.0,7.4,2.6666666666666665,4.783333333333333,2.0,2,4300,0,0,2
2.0,1,528355,37.599999999999994,76.0,25.5,2.0,1.0,3.0,1.0,2.0,3.0,2.0,2.0,1.0,4.428571428571429,3.0,3.0,55.5,7.2,2.3333333333333335,4.266666666666667,1.0,2,0,0,0,2
1.0,1,526802,37.9,48.0,16.0,1.0,1.0,1.0,1.0,3.0,3.0,3.0,1.0,1.0,4.142857142857143,3.0,5.0,37.0,7.0,2.0,3.75,1.0,1,3124,0,0,2
1.0,1,529607,38.03333333333333,60.0,26.0,3.0,2.5,2.0,1.0,3.5,4.0,2.0,2.0,1.0,3.857142857142857,3.0,4.0,44.0,8.3,1.6666666666666667,3.2333333333333334,2.0,1,2208,0,0,2
2.0,1,530051,38.166666666666664,80.0,36.0,3.0,4.0,3.0,1.0,4.0,4.0,4.0,2.0,1.0,3.5714285714285716,3.0,5.0,38.0,6.2,1.3333333333333335,2.716666666666667,3.0,1,3205,0,0,2
2.0,9,5299629,38.3,90.0,24.0,1.0,3.5,1.0,1.0,5.0,3.0,1.0,2.0,1.0,3.2857142857142856,3.0,5.0,40.0,6.2,1.0,2.2,1.0,2,0,0,0,1
1.0,1,528548,38.1,66.0,12.0,3.0,3.0,5.0,1.0,3.0,3.0,1.0,2.0,1.0,3.0,2.0,5.0,44.0,6.0,2.0,3.6,1.0,1,2124,0,0,1
2.0,1,527927,39.1,72.0,52.0,2.0,2.0,2.0,1.0,2.0,1.0,2.0,1.0,1.0,4.4,4.0,4.0,50.0,7.8,1.6666666666666667,3.2,1.0,1,2111,0,0,2
1.0,1,528031,37.2,42.0,12.0,2.0,1.0,1.0,1.0,3.0,3.0,3.0,3.0,1.0,5.800000000000001,4.0,5.0,43.5,7.0,1.3333333333333335,2.8,1.0,2,4124,0,0,2
2.0,9,5291329,38.0,92.0,28.0,1.0,1.0,2.0,1.0,1.0,3.0,2.0,3.0,1.5,7.2,1.0,1.0,37.0,6.1,1.0,2.4,2.0,2,0,0,0,1
1.0,1,534917,38.2,76.0,28.0,3.0,1.0,1.0,1.0,3.0,4.0,1.0,2.0,2.0,5.85,4.0,4.0,46.0,81.0,1.0,2.0,1.0,1,2112,0,0,2
1.0,1,530233,37.6,96.0,48.0,3.0,1.0,4.0,1.0,5.0,3.0,3.0,2.0,3.0,4.5,4.0,4.5,45.0,6.8,2.0,3.35,2.0,1,3207,0,0,2
1.0,9,5301219,37.55,128.0,36.0,3.0,3.0,4.0,2.0,4.0,4.0,3.0,3.0,2.3333333333333335,4.666666666666667,4.0,5.0,53.0,7.8,3.0,4.7,2.0,2,1400,0,0,1
2.0,1,526639,37.5,48.0,24.0,2.0,2.0,3.0,1.5,3.0,3.5,2.0,2.0,1.6666666666666667,4.833333333333333,3.0,5.0,46.5,7.4,2.0,4.62,1.0,2,0,0,0,2
1.0,1,5290481,37.6,64.0,21.0,1.0,1.0,2.0,1.0,2.0,3.0,1.0,1.0,1.0,5.0,2.0,5.0,40.0,7.0,1.0,4.54,1.0,1,4205,0,0,1
2.0,1,532110,39.4,110.0,35.0,4.0,3.0,6.0,1.5,3.5,3.0,3.0,2.0,1.0,5.166666666666667,3.0,4.5,55.0,8.7,1.5,4.46,1.0,2,0,0,0,2
1.0,1,530157,39.9,72.0,60.0,1.0,1.0,5.0,2.0,5.0,4.0,4.0,3.0,1.0,5.333333333333333,4.0,4.0,46.0,6.1,2.0,4.38,1.0,1,2111,0,0,2
2.0,1,529340,38.4,48.0,16.0,1.0,1.0,1.0,1.0,1.0,3.0,1.0,2.0,3.0,5.5,4.0,3.0,49.0,6.8,2.0,4.3,1.0,2,0,0,0,2
1.0,1,521681,38.6,42.0,34.0,2.0,1.0,4.0,1.0,2.0,3.0,1.0,2.3333333333333335,2.6666666666666665,4.333333333333333,1.0,3.4,48.0,7.2,2.0,4.22,1.0,1,3111,0,0,2
1.0,9,534998,38.3,130.0,60.0,2.5,3.0,3.5,1.0,2.0,4.0,2.0,2.6666666666666665,2.3333333333333335,3.1666666666666665,1.5,3.8,50.0,70.0,2.0,4.14,1.0,1,3111,0,0,2
1.0,1,533692,38.1,60.0,12.0,3.0,3.0,3.0,1.0,2.3333333333333335,4.0,3.0,3.0,2.0,2.0,2.0,4.2,51.0,65.0,2.0,4.06,1.0,1,3111,0,0,2
2.0,1,529518,37.8,60.0,42.0,3.5,3.0,3.0,1.0,2.6666666666666665,3.5,3.0,2.5,1.5,2.3333333333333335,2.5,4.6,47.0,36.0,2.0,3.98,1.0,2,0,0,0,2
1.0,1,530526,38.3,72.0,30.0,4.0,3.0,3.0,2.0,3.0,3.0,3.0,2.0,1.0,2.6666666666666665,3.0,5.0,43.0,7.0,2.0,3.9,1.0,1,3111,0,0,1
1.0,1,528653,37.8,48.0,12.0,3.0,1.0,1.0,1.0,2.3333333333333335,3.0,2.0,1.0,1.0,3.0,1.0,3.0,37.0,5.5,2.0,1.3,1.0,2,4122,0,0,1
1.0,1,5279442,37.75,48.0,18.0,2.5,1.0,1.0,1.0,1.6666666666666667,2.0,1.5,1.0,1.0,3.333333333333333,2.0,3.6666666666666665,41.0,40.75,2.25,2.825,2.0,2,4300,0,0,2
2.0,1,535415,37.7,48.0,24.0,2.0,1.0,1.0,1.0,1.0,1.0,1.0,1.0,1.0,3.6666666666666665,3.0,4.333333333333333,45.0,76.0,2.5,4.3500000000000005,1.0,2,0,0,0,2
2.0,1,529475,37.7,96.0,30.0,3.0,3.0,4.0,2.0,5.0,4.0,4.0,3.0,2.0,4.0,4.0,5.0,66.0,7.5,2.75,5.875,2.0,1,4205,0,0,2
2.0,1,530242,37.2,108.0,12.0,3.0,3.0,4.0,2.0,2.0,4.0,2.0,2.5,3.0,6.0,3.0,3.0,52.0,8.2,3.0,7.4,3.0,1,2207,0,0,1
1.0,1,529427,37.2,60.0,20.0,2.0,1.0,1.0,1.0,3.0,3.0,3.0,2.0,1.0,6.0588235294117645,4.0,5.0,43.0,6.6,2.5,7.0,1.0,1,2209,0,0,2
1.0,1,529663,38.2,64.0,28.0,1.0,1.0,1.0,1.0,3.0,1.0,3.5,2.5,2.0,6.117647058823529,4.0,4.0,49.0,8.6,2.0,6.6,1.0,1,2208,0,0,1
1.0,1,529796,38.233333333333334,100.0,30.0,3.0,3.0,4.0,2.0,5.0,4.0,4.0,3.0,3.0,6.176470588235294,4.0,4.0,52.0,6.6,2.0,4.733333333333333,1.0,1,1124,0,0,2
2.0,1,528812,38.266666666666666,104.0,24.0,4.0,3.0,3.0,2.0,4.0,4.0,3.0,2.0,3.0,6.235294117647059,3.0,2.0,73.0,8.4,2.0,2.8666666666666667,3.0,1,7111,0,0,2
2.0,1,529493,38.3,112.0,16.0,3.0,3.0,5.0,2.0,4.5,3.5,1.0,1.0,2.0,6.294117647058823,2.0,5.0,51.0,6.0,2.0,1.0,3.0,2,5205,0,0,1
1.0,1,533847,37.8,72.0,42.66666666666667,2.0,3.0,3.0,1.0,5.0,3.0,1.0,1.0,1.0,6.352941176470588,1.0,1.0,56.0,80.0,1.0,2.0,1.0,1,3111,0,0,2
2.0,1,528996,38.6,52.0,69.33333333333334,1.0,1.0,1.0,1.0,3.0,3.0,2.0,1.0,1.0,6.411764705882353,1.0,3.0,32.0,6.6,1.0,5.0,1.0,2,0,0,0,1
1.0,9,5277409,39.2,146.0,96.0,2.0,2.0,3.5,1.5,4.0,3.0,2.5,1.0,2.0,6.470588235294118,2.5,4.0,47.5,6.55,2.0,3.3666666666666663,2.0,1,2113,0,0,2
1.0,1,529498,39.1,88.0,84.0,3.0,3.0,6.0,2.0,5.0,3.0,3.0,1.0,3.0,6.529411764705882,4.0,5.0,63.0,6.5,3.0,1.733333333333333,2.0,1,4205,0,0,2
2.0,9,5288249,39.0,150.0,72.0,3.0,2.0,4.5,1.5,4.0,3.0,2.0,1.0,2.0,6.588235294117647,3.0,3.5,47.0,8.5,2.6666666666666665,0.1,1.0,1,9400,0,0,1
2.0,1,530301,38.0,60.0,12.0,3.0,1.0,3.0,1.0,3.0,3.0,1.0,1.0,1.0,6.647058823529412,2.0,2.0,47.0,7.0,2.3333333333333335,1.05,1.0,2,3111,0,0,2
1.0,1,534069,36.7,120.0,18.0,3.0,4.0,4.0,1.0,4.0,4.0,4.0,1.0,1.0,6.705882352941177,2.6666666666666665,5.0,52.0,67.0,2.0,2.0,3.0,1,3205,0,0,2
1.0,1,535407,35.4,140.0,24.0,3.0,3.0,4.0,2.0,4.0,4.0,4.0,2.0,1.0,6.764705882352941,3.333333333333333,5.0,57.0,69.0,3.0,2.0,3.0,1,3205,0,0,2
2.0,1,529827,36.65,120.0,19.5,4.0,3.0,4.0,2.0,5.0,4.0,4.0,1.0,1.0,6.823529411764706,4.0,5.0,60.0,6.5,3.0,2.42,2.0,1,3205,0,0,2
1.0,1,529888,37.9,60.0,15.0,3.0,2.0,4.0,2.0,5.0,4.0,4.0,2.0,2.0,6.882352941176471,4.0,5.0,65.0,7.5,3.0,2.84,1.0,1,2305,0,0,1
2.0,1,529821,37.5,48.0,16.0,1.0,1.0,1.0,1.0,1.0,1.0,1.0,1.0,1.0,6.9411764705882355,1.0,3.0,37.0,6.5,3.0,3.26,1.0,2,0,0,0,2
1.0,1,528890,38.9,80.0,44.0,3.0,3.0,3.0,2.0,2.0,3.0,3.0,2.0,2.0,7.0,3.0,1.0,54.0,6.5,3.0,3.6799999999999997,2.0,1,7111,0,0,2
2.0,1,529642,37.2,84.0,48.0,3.0,3.0,5.0,2.0,4.0,1.0,2.0,1.0,2.0,7.0,2.0,1.0,73.0,5.5,2.0,4.1,2.0,2,4300,0,0,1
2.0,1,529766,38.6,46.0,42.0,1.0,1.0,2.0,1.0,1.0,3.0,2.0,1.0,1.0,7.0,3.0,2.0,49.0,9.1,1.0,1.6,1.0,2,3111,0,0,1
1.0,1,527706,37.4,84.0,36.0,1.0,1.0,3.0,2.0,3.0,3.0,2.0,1.25,1.0,7.0,4.0,5.0,46.0,8.4,3.0,2.325,2.0,1,7209,0,0,1
2.0,1,529483,38.0,62.0,28.0,1.0,1.0,3.0,1.0,1.0,3.0,1.0,1.5,1.0,7.0,2.0,2.0,43.0,7.7,3.0,3.05,1.0,2,3111,0,0,2
2.0,1,530544,38.6,40.0,20.0,2.0,2.0,2.0,1.0,1.5,3.0,2.0,1.75,1.0,7.0,1.5,3.5,41.0,6.4,3.0,3.775,1.0,2,3111,0,0,1
2.0,1,529461,40.3,114.0,36.0,3.0,3.0,1.0,2.0,2.0,3.0,3.0,2.0,1.0,7.0,1.0,5.0,57.0,8.1,3.0,4.5,3.0,1,7400,0,0,1
1.0,9,5282839,38.6,160.0,20.0,3.0,3.0,5.0,1.0,3.0,3.0,4.0,3.0,1.3333333333333333,7.0,4.0,4.75,38.0,7.4,2.0,4.6875,2.0,1,7111,0,0,1
1.0,1,528872,38.44,112.0,28.0,2.5,3.0,3.5,1.0,4.0,3.0,3.5,2.5,1.6666666666666665,7.0,4.0,4.5,24.0,6.7,2.3333333333333335,4.875,1.0,1,3112,0,0,2
1.0,1,529640,38.28,64.0,36.0,2.0,3.0,2.0,1.0,5.0,3.0,3.0,2.0,2.0,7.0,4.0,4.25,42.0,7.7,2.6666666666666665,5.0625,2.0,1,3209,0,0,2
1.0,1,528298,38.12,80.0,20.0,4.0,3.0,3.0,1.5,5.0,4.0,3.0,2.0,2.0,7.0,4.0,4.0,53.0,5.9,3.0,5.25,2.0,1,3205,0,0,1
2.0,1,528904,37.96,96.0,26.0,3.0,3.0,3.0,2.0,5.0,4.0,4.0,1.0,2.0,7.0,4.0,5.0,60.0,6.300000000000001,2.5,5.4375,2.0,1,4205,0,0,2
2.0,1,530438,37.8,48.0,32.0,1.0,1.0,3.0,1.0,2.0,1.0,3.0,1.0,1.0,7.0,4.0,5.0,37.0,6.7,2.0,5.625,1.0,2,2124,0,0,2
2.0,1,527957,38.5,60.0,27.0,2.0,2.0,1.0,1.0,1.0,2.0,2.0,2.0,1.0,7.0,1.0,1.0,44.0,7.7,1.5,5.8125,1.0,2,0,0,0,2
1.0,1,528630,37.8,88.0,22.0,2.0,1.0,2.0,1.0,3.0,3.0,3.0,2.0,1.0,7.0,4.0,2.333333333333333,64.0,8.0,1.0,6.0,2.0,1,3205,0,0,1
2.0,1,534293,38.2,130.0,16.0,4.0,3.0,4.0,2.0,2.0,4.0,4.0,1.0,1.0,7.0,4.0,3.6666666666666665,65.0,82.0,2.0,2.0,3.0,2,2209,1400,0,2
1.0,1,529667,39.0,64.0,36.0,3.0,1.0,4.0,2.0,3.0,3.0,2.0,1.0,2.0,7.0,4.0,5.0,44.0,7.5,3.0,5.0,1.0,1,2113,0,0,1
1.0,1,534885,38.45,60.0,36.0,3.0,1.0,3.0,1.0,3.0,3.0,2.0,1.0,1.0,4.5,3.0,4.0,26.0,72.0,2.0,1.0,1.0,1,2208,0,0,2
2.0,1,534784,37.9,72.0,30.0,1.0,1.0,5.0,2.0,3.0,3.0,1.0,1.0,3.0,2.0,3.0,4.0,58.0,74.0,1.0,2.0,1.0,1,2322,0,0,2
2.0,1,528931,38.4,54.0,24.0,1.0,1.0,1.0,1.0,1.0,3.0,1.0,2.0,1.0,3.75,3.0,2.0,49.0,7.2,1.0,2.6999999999999997,1.0,2,3111,0,0,1
2.0,1,529777,38.2,52.0,16.0,1.0,1.0,3.0,1.0,1.0,3.0,1.6666666666666665,2.0,3.0,5.5,3.0,2.0,55.0,7.2,1.5,3.3999999999999995,1.0,2,2124,0,0,2
2.0,1,530276,38.0,48.0,12.0,1.0,1.0,1.0,1.0,1.0,3.0,2.333333333333333,1.0,1.0,5.0,3.0,2.0,42.0,6.3,2.0,4.1,1.0,2,3111,0,0,1
2.0,1,528214,37.0,60.0,20.0,3.0,1.0,1.0,1.0,3.0,2.5,3.0,2.0,2.0,4.5,4.0,4.0,43.0,7.6,2.0,5.55,3.0,1,2209,0,0,1
1.0,1,529424,37.8,48.0,28.0,1.0,1.0,1.0,1.0,1.0,2.0,1.0,2.0,2.3333333333333335,5.333333333333333,1.0,1.0,46.0,5.9,2.0,7.0,1.0,2,0,0,0,1
1.0,1,5299253,37.7,56.0,26.0,1.0,1.0,3.0,1.0,2.5,2.5,1.0,2.0,2.6666666666666665,6.166666666666667,1.0,1.0,50.0,6.7,2.0,4.8,2.0,1,2113,0,0,2
1.0,1,528469,38.1,52.0,24.0,1.0,1.0,5.0,1.0,4.0,3.0,1.0,2.0,3.0,7.0,1.0,1.0,54.0,7.5,2.0,2.6,2.0,1,2112,0,0,1
1.0,9,5292929,38.900000000000006,76.0,22.666666666666668,2.0,2.0,5.0,1.5,3.0,3.0,1.3333333333333333,1.75,2.5,6.666666666666667,1.6666666666666665,1.0,37.0,4.9,2.0,2.3,2.0,1,11124,0,0,2
1.0,9,534092,39.7,100.0,21.333333333333332,3.0,3.0,5.0,2.0,2.0,3.0,1.6666666666666665,1.5,2.0,6.333333333333333,2.333333333333333,1.0,48.0,57.0,2.0,2.0,3.0,1,1400,0,0,2
1.0,1,534615,37.6,38.0,20.0,3.0,3.0,1.0,1.0,3.0,3.0,2.0,1.25,1.5,6.0,3.0,1.0,37.0,68.0,2.25,2.32,1.0,1,3205,0,0,2
2.0,1,534753,38.7,52.0,20.0,2.0,3.0,1.0,1.0,1.0,1.0,1.0,1.0,1.0,5.666666666666667,1.0,1.0,33.0,77.0,2.5,2.64,1.0,2,0,0,0,2
1.0,1,530693,38.1,74.0,19.0,3.0,3.0,3.0,3.0,5.0,3.0,3.0,3.0,2.0,5.333333333333334,4.0,5.0,46.0,5.9,2.75,2.96,2.0,1,3025,0,0,2
1.0,1,527463,37.5,96.0,18.0,1.0,3.0,6.0,2.0,3.0,4.0,2.0,2.0,3.0,5.0,4.0,4.0,69.0,8.9,3.0,3.2800000000000002,1.0,1,2208,0,0,1
1.0,1,527518,36.4,98.0,35.0,3.0,3.0,4.0,1.0,4.0,3.0,2.0,2.5,2.0,5.1,4.0,4.0,47.0,6.4,3.0,3.6,2.0,1,2205,0,0,1
1.0,1,534756,37.3,40.0,57.5,3.0,3.0,1.0,1.0,2.0,3.0,2.0,3.0,1.0,5.2,3.0,5.0,36.0,6.050000000000001,3.0,2.0,1.0,1,3111,0,0,2
1.0,9,5290759,38.1,100.0,80.0,3.0,1.0,2.0,1.0,3.0,4.0,1.0,2.0,1.0,5.3,1.0,4.75,36.0,5.7,2.6666666666666665,1.88,1.0,1,3111,0,0,2
1.0,1,5279822,38.0,80.0,24.0,3.0,3.0,6.0,2.0,5.0,3.5,4.0,1.0,1.0,5.4,2.5,4.5,68.0,7.8,2.3333333333333335,1.76,2.0,1,3205,0,0,2
1.0,1,529849,37.8,60.0,80.0,1.0,3.0,2.0,2.0,2.0,3.0,3.0,1.5,2.0,5.5,4.0,4.25,40.0,4.5,2.0,1.64,1.0,1,5206,0,0,1
2.0,1,529304,38.0,54.0,30.0,2.0,3.0,3.0,3.0,3.0,1.0,2.0,2.0,2.0,4.75,4.0,4.0,45.0,6.2,2.5,1.52,1.0,2,400,0,0,2
1.0,1,529388,38.333333333333336,88.0,40.0,3.0,3.0,4.0,2.0,5.0,4.0,3.0,3.0,1.6666666666666667,4.0,4.0,5.0,50.0,7.7,3.0,1.4,2.0,1,4205,0,0,1
2.0,1,528006,38.666666666666664,40.0,16.0,2.0,2.0,4.5,1.0,4.0,3.5,2.5,2.5,1.3333333333333335,3.25,3.5,4.0,50.0,7.0,2.0,3.9,3.0,1,2208,0,0,1
2.0,1,529703,39.0,64.0,40.0,1.0,1.0,5.0,1.0,3.0,3.0,2.0,2.0,1.0,2.5,3.0,3.0,42.0,7.5,2.0,2.3,1.0,2,5000,0,0,1
2.0,1,535381,38.3,42.0,10.0,1.0,1.0,1.0,1.0,1.0,1.0,1.0,2.0,2.0,1.75,2.0,2.0,38.0,61.0,2.3333333333333335,3.033333333333333,1.0,2,0,0,0,2
2.0,1,534197,38.0,52.0,16.0,2.0,2.0,1.0,1.5,2.0,2.0,2.0,2.0,3.0,1.0,1.0,1.0,53.0,86.0,2.6666666666666665,3.7666666666666666,1.0,1,2322,0,0,2
2.0,1,529461,40.3,114.0,36.0,3.0,3.0,1.0,2.0,2.0,3.0,3.0,2.0,1.0,7.0,1.0,5.0,57.0,8.1,3.0,4.5,2.0,1,3205,0,0,1
2.0,1,530251,38.8,50.0,20.0,3.0,1.0,1.0,1.0,1.0,1.0,1.0,2.0,1.0,6.0,3.0,1.0,42.0,6.2,2.875,4.2625,1.0,2,0,0,0,2
2.0,1,530310,38.15,49.0,25.0,3.0,3.0,1.0,1.0,5.0,3.0,3.0,1.0,1.0,5.0,4.0,5.0,38.0,6.5,2.75,4.025,2.0,1,3205,0,0,2
2.0,1,528729,37.5,48.0,30.0,4.0,1.0,3.0,1.0,4.0,2.0,1.0,1.0,1.0,4.0,1.0,1.0,48.0,8.6,2.625,3.7875,1.0,2,0,0,0,2
1.0,1,535158,37.3,48.0,20.0,3.6666666666666665,1.0,2.0,1.0,3.0,3.0,3.0,2.0,1.0,3.0,3.0,5.0,41.0,69.0,2.5,3.55,1.0,1,3205,0,0,2
2.0,1,530319,37.7,84.0,36.0,3.3333333333333335,2.0,3.0,1.0,2.5,3.0,1.0,2.0,1.0,2.0,3.0,2.0,44.0,8.5,2.375,3.3125,1.0,1,3111,0,0,2
1.0,1,534145,38.1,88.0,32.0,3.0,3.0,4.0,1.0,2.0,3.0,3.0,1.5,3.0,1.0,4.0,5.0,55.0,60.0,2.25,3.075,3.0,2,3205,0,0,2
2.0,1,534135,37.7,44.0,40.0,2.0,1.0,3.0,1.0,1.0,3.0,2.0,1.0,1.0,1.6714285714285715,1.0,5.0,41.0,60.0,2.125,2.8375000000000004,1.0,2,0,0,0,2
2.0,1,530002,39.6,108.0,51.0,3.0,3.0,6.0,2.0,2.0,4.0,3.0,1.0,2.0,2.342857142857143,3.0,5.0,59.0,8.0,2.0,2.6,1.0,2,4300,0,0,1
1.0,1,535364,38.2,40.0,16.0,3.0,3.0,1.0,1.0,1.0,3.0,2.75,1.2,1.5,3.0142857142857142,1.0,1.0,34.0,66.0,1.8,2.8200000000000003,1.0,2,0,0,0,2
1.0,1,534899,38.25,60.0,20.0,4.0,3.0,4.0,2.0,5.0,4.0,2.5,1.4,1.0,3.685714285714286,4.0,5.0,35.5,61.5,1.6,3.04,3.0,1,3205,0,0,2
2.0,1,534938,38.3,40.0,16.0,3.0,2.0,1.0,1.0,2.0,3.5,2.25,1.6,1.6666666666666665,4.357142857142858,3.0,3.0,37.0,57.0,1.4,3.2600000000000002,1.0,2,0,0,0,2
1.0,9,5292489,38.0,140.0,68.0,1.0,1.0,1.0,1.0,3.0,3.0,2.0,1.8,2.333333333333333,5.0285714285714285,2.0,1.0,39.0,5.3,1.2,3.4800000000000004,1.0,1,7111,0,0,2
1.0,1,527563,37.8,52.0,24.0,1.0,3.0,3.0,1.0,4.0,4.0,1.0,2.0,3.0,5.7,2.0,5.0,48.0,6.6,1.0,3.7,2.0,1,5400,0,0,2
1.0,1,530381,38.05,70.0,36.0,1.0,3.0,3.0,2.0,2.0,3.0,2.0,2.0,2.0,5.684615384615385,4.0,5.0,36.0,7.3,1.5,3.2750000000000004,1.0,1,31110,0,0,2
1.0,1,528668,38.3,52.0,96.0,1.0,3.0,3.0,1.0,1.5,3.0,2.0,1.0,1.0,5.6692307692307695,1.0,5.0,43.0,6.1,2.0,2.85,1.0,1,3209,0,0,1
2.0,1,529764,37.3,50.0,32.0,1.0,1.0,3.0,1.0,1.0,3.0,2.0,1.0,1.0,5.653846153846154,1.0,5.0,44.0,7.0,2.5,2.425,1.0,2,0,0,0,2
1.0,1,533696,38.7,60.0,32.0,4.0,3.0,2.0,2.0,4.0,4.0,4.0,1.0,1.0,5.638461538461539,4.0,5.0,53.0,64.0,3.0,2.0,3.0,1,3205,0,0,2
1.0,9,5297379,38.4,84.0,40.0,3.0,3.0,2.0,1.0,3.0,3.0,3.0,1.0,1.0,5.6230769230769235,4.0,5.0,36.0,6.6,2.0,2.8,2.0,1,2205,0,0,1
1.0,1,527544,38.349999999999994,70.0,16.0,3.0,4.0,5.0,2.0,2.0,3.0,2.0,2.0,1.0,5.607692307692308,4.0,5.0,60.0,7.5,1.5,2.4,2.0,1,2112,0,0,2
1.0,1,533736,38.3,40.0,16.0,3.0,2.5,3.0,1.0,1.0,3.0,2.0,1.5,1.0,5.592307692307692,4.0,5.0,38.0,58.0,1.0,2.0,1.0,1,3111,7111,0,2
1.0,1,534963,37.55,40.0,22.0,2.0,1.0,1.0,1.0,1.0,3.0,1.0,1.0,1.0,5.576923076923077,4.0,5.0,39.0,56.0,1.0,6.0,1.0,1,3111,0,0,2
1.0,1,527933,36.8,60.0,28.0,2.5,1.0,2.5,1.0,3.0,3.5,2.0,1.5,1.0,5.561538461538461,4.0,5.0,44.5,66.5,1.0,10.0,2.0,1,3205,0,0,1
1.0,1,532349,38.4,44.0,24.0,3.0,1.0,4.0,1.0,5.0,4.0,3.0,2.0,1.0,5.546153846153846,4.0,5.0,50.0,77.0,1.0,8.2,1.0,1,3205,0,0,2
2.0,1,533723,38.2,44.0,40.0,3.0,1.0,1.0,1.0,3.0,3.0,2.0,2.0,1.0,5.530769230769231,4.0,5.0,45.0,70.0,1.0,6.4,1.0,2,0,0,0,2
1.0,1,535208,38.0,44.0,12.0,1.0,1.0,1.0,1.0,3.0,3.0,3.0,2.0,1.0,5.515384615384615,4.0,5.0,42.0,65.0,1.0,4.6,1.0,1,3205,3111,0,2
2.0,1,5290482,39.5,61.0,21.0,3.0,3.0,4.0,2.0,3.0,4.0,3.0,1.6666666666666667,3.0,5.5,4.0,5.0,38.0,6.7,1.0,2.8,3.0,1,4205,0,0,2
1.0,1,533983,36.5,78.0,30.0,1.0,2.0,1.0,1.0,5.0,3.0,1.0,1.3333333333333335,1.0,5.214285714285714,3.6666666666666665,4.666666666666667,34.0,75.0,2.0,1.0,1.0,1,3112,6112,0,2
2.0,1,535166,38.1,56.0,20.0,2.0,1.0,2.0,1.0,1.0,3.0,1.0,1.0,1.0,4.928571428571429,3.3333333333333335,4.333333333333333,46.0,70.0,2.0,1.0,1.0,2,0,0,0,2
1.0,1,528682,39.4,54.0,66.0,1.0,1.0,2.0,1.0,2.0,3.0,2.0,1.0,1.0,4.642857142857143,3.0,4.0,39.0,6.0,2.0,1.0,1.0,1,2206,0,0,1
1.0,1,534556,38.3,80.0,40.0,1.5,1.0,6.0,2.0,4.0,3.0,1.0,1.3333333333333333,2.0,4.357142857142858,1.0,4.0,67.0,10.2,2.0,1.0,3.0,1,2208,0,0,2
2.0,1,534579,38.7,40.0,28.0,2.0,1.0,1.0,1.0,3.0,1.0,1.0,1.6666666666666665,1.5,4.071428571428571,1.0,4.0,39.0,62.0,1.0,1.0,1.0,2,0,0,0,2
1.0,1,530360,38.2,64.0,24.0,1.0,1.0,3.0,1.0,4.0,4.0,3.0,2.0,1.0,3.7857142857142856,4.0,4.0,45.0,7.5,1.0,2.0,2.0,1,3205,0,0,1
2.0,1,529840,37.6,48.0,20.0,3.0,1.0,4.0,1.0,1.0,1.0,3.0,2.0,1.0,3.5,1.0,1.0,37.0,5.5,1.3333333333333333,1.75,3.0,1,2205,0,0,2
1.0,1,528461,38.0,42.0,68.0,4.0,1.0,1.0,1.0,3.0,3.0,2.0,2.0,2.0,3.2142857142857144,4.0,4.0,41.0,7.6,1.6666666666666665,1.5,1.0,1,2205,0,0,2
1.0,1,530384,38.7,46.0,50.0,3.0,1.0,3.0,1.0,5.0,4.0,2.0,2.0,1.5,2.928571428571429,2.5,4.142857142857143,33.0,6.5,2.0,1.25,1.0,1,31110,0,0,2
1.0,1,5262541,37.4,50.0,32.0,3.0,3.0,3.0,1.0,4.0,4.0,1.0,2.0,1.0,2.6428571428571432,1.0,4.285714285714286,45.0,7.9,2.0,1.0,1.0,1,2208,0,0,1
1.0,1,535330,37.4,84.0,20.0,3.0,2.5,3.0,1.0,2.0,3.0,3.0,2.0,1.0,2.357142857142857,1.4,4.428571428571429,31.0,61.0,2.0,1.0,3.0,2,2208,0,0,2
1.0,1,527698,38.4,49.0,16.0,3.0,2.0,1.0,1.0,2.3333333333333335,3.0,1.0,2.0,1.0,2.0714285714285716,1.8,4.571428571428571,44.0,7.6,2.0,1.0,1.0,1,2206,0,0,2
1.0,1,528964,37.8,30.0,12.0,3.0,1.5,1.0,1.0,2.6666666666666665,3.0,1.5,1.5,2.0,1.785714285714286,2.2,4.714285714285714,44.0,6.8,2.0,1.0,2.0,1,2113,0,0,2
2.0,1,530670,37.6,88.0,36.0,3.0,1.0,1.0,1.0,3.0,3.0,2.0,1.0,3.0,1.5,2.6,4.857142857142857,44.0,6.0,2.0,1.0,2.0,1,1400,0,0,2
2.0,1,534572,38.0,48.0,20.0,3.0,1.0,3.0,1.0,4.0,3.0,1.0,2.0,1.0,2.225,3.0,5.0,43.0,73.0,2.0,1.0,1.5,1,3111,0,0,2
2.0,1,530294,37.9,40.0,24.0,1.0,1.0,1.0,1.0,2.0,3.0,1.0,2.0,1.3333333333333333,2.95,2.5,3.0,40.0,5.7,2.0,1.6333333333333333,1.0,1,400,0,0,2
1.0,1,527524,38.0,100.0,36.0,3.0,2.0,4.0,2.0,5.0,4.0,2.0,2.0,1.6666666666666665,3.6750000000000003,2.0,3.6666666666666665,59.0,6.3,2.0,2.2666666666666666,2.0,1,4205,0,0,2
1.0,9,5287179,38.1,136.0,48.0,3.0,3.0,3.0,1.0,5.0,1.0,3.0,2.0,2.0,4.4,2.0,4.333333333333333,33.0,4.9,2.0,2.9,2.0,1,2205,0,0,1
1.0,1,530693,38.05,92.0,44.0,3.0,3.0,3.0,2.0,5.0,3.0,3.0,3.0,2.0,4.133333333333334,4.0,5.0,46.0,5.9,1.75,2.425,2.0,1,3025,0,0,2
1.0,1,534324,38.0,48.0,40.0,1.0,1.0,1.0,1.0,1.0,2.0,4.0,2.0,2.0,3.866666666666667,4.0,5.0,44.0,38.449999999999996,1.5,1.95,1.0,1,3111,0,0,2
2.0,1,532349,38.0,56.0,36.0,1.0,2.0,3.0,1.0,1.0,1.0,1.0,1.0,1.0,3.6,1.0,1.0,42.0,71.0,1.25,1.475,1.0,2,0,0,0,2
2.0,1,534491,38.0,60.0,32.0,1.0,1.0,2.0,1.0,3.0,3.0,1.0,1.0,1.0,3.3333333333333335,2.5,3.0,50.0,7.0,1.0,1.0,1.0,2,0,0,0,2
1.0,1,529960,38.1,44.0,9.0,3.0,1.0,1.0,1.0,2.0,2.0,1.0,1.0,1.0,3.066666666666667,4.0,5.0,31.0,7.3,1.6666666666666665,1.9666666666666668,1.0,2,5124,0,0,2
2.0,1,522979,36.0,42.0,30.0,3.5,2.0,5.0,1.0,3.5,3.0,2.5,1.3333333333333333,1.25,2.8,4.0,5.0,64.0,6.8,2.333333333333333,2.9333333333333336,2.0,2,1400,0,0,2
1.0,1,530402,36.9,120.0,29.0,4.0,3.0,6.0,2.0,5.0,4.0,4.0,1.6666666666666665,1.5,2.533333333333333,4.0,5.0,57.0,4.5,3.0,3.9,2.0,1,3205,0,0,1
1.0,1,529424,37.8,48.0,28.0,1.0,1.0,1.0,2.0,1.0,2.0,1.0,2.0,1.75,2.2666666666666666,1.0,1.0,46.0,5.9,2.0,7.0,1.0,2,0,0,0,1
1.0,1,534519,37.1,84.0,40.0,3.0,3.0,6.0,1.0,2.0,4.0,4.0,3.0,2.0,2.0,4.0,5.0,75.0,81.0,2.125,6.64,3.0,2,1400,0,0,2
2.0,1,535246,37.650000000000006,80.0,32.0,3.0,3.0,2.0,1.0,2.0,3.0,3.0,2.0,1.0,2.0,3.0,5.0,50.0,80.0,2.25,6.28,1.0,1,0,0,0,2
1.0,1,534115,38.2,48.0,22.0,1.0,3.0,3.0,1.0,3.0,4.0,4.0,1.0,3.0,2.0,4.0,5.0,42.0,71.0,2.375,5.92,1.0,1,3111,0,0,2
2.0,1,530001,38.0,44.0,12.0,2.0,1.0,3.0,1.0,3.0,4.0,3.0,1.0,2.0,6.5,1.0,4.0,33.0,6.5,2.5,5.5600000000000005,2.0,1,2209,0,0,2
1.0,1,529272,38.3,132.0,18.0,2.3333333333333335,3.0,6.0,2.0,2.0,4.0,2.0,2.0,3.0,6.2,4.0,4.0,57.0,8.0,2.625,5.2,1.0,1,2112,0,0,1
2.0,1,535314,38.7,48.0,24.0,2.6666666666666665,2.0,3.5,1.5,1.0,1.0,2.0,1.0,1.0,5.466666666666667,1.0,3.0,34.0,63.0,2.75,4.9,1.0,2,0,0,0,2
2.0,1,533793,38.9,44.0,14.0,3.0,1.0,1.0,1.0,2.0,3.0,2.0,1.0,2.0,4.733333333333333,2.5,2.0,33.0,64.0,2.875,4.6,1.0,2,0,0,0,2
1.0,1,529399,39.3,72.0,16.0,4.0,3.0,6.0,2.0,4.0,4.0,2.0,1.0,3.0,4.0,4.0,4.0,75.0,64.0,3.0,4.3,2.0,1,2207,0,0,1
1.0,1,533836,38.95,100.0,18.0,3.0,3.0,4.0,2.0,2.5,4.0,4.0,2.0,1.0,2.0,3.5,3.0,68.0,64.0,3.0,2.0,1.0,1,2209,0,0,2
2.0,1,528804,38.6,48.0,20.0,3.0,1.0,1.0,1.0,1.0,3.0,2.0,2.0,1.0,3.0,3.0,2.0,50.0,7.3,1.0,2.75,1.0,2,3111,0,0,1
2.0,1,535163,38.8,48.0,40.0,1.0,1.0,3.0,1.0,3.0,3.0,4.0,2.0,1.0,4.0,2.3333333333333335,5.0,41.0,65.0,1.0,3.5,1.0,1,4124,0,0,2
2.0,1,528247,38.0,48.0,20.0,3.0,3.0,4.0,1.0,1.0,4.0,2.0,2.0,1.0,5.0,1.6666666666666667,2.0,49.0,8.3,1.0,4.25,1.0,2,400,0,0,1
2.0,1,528996,38.6,52.0,20.0,1.0,1.0,1.0,1.0,3.0,3.0,2.0,1.0,1.0,3.5,1.0,3.0,36.0,6.6,1.0,5.0,1.0,2,0,0,0,1
1.0,1,533928,37.8,60.0,24.0,1.0,1.0,3.0,2.0,3.0,4.0,4.0,2.0,3.0,2.0,1.0,5.0,52.0,75.0,1.3333333333333333,4.0,3.0,1,2205,0,0,2
2.0,1,528248,38.0,42.0,40.0,3.0,1.0,1.0,1.0,3.0,3.0,1.0,2.5,2.0,2.409090909090909,1.0,4.0,48.0,41.25,1.6666666666666665,3.0,1.0,2,3111,0,0,2
2.0,1,528134,38.1,42.0,12.0,1.0,1.0,2.0,1.0,2.0,1.0,2.0,3.0,1.0,2.8181818181818183,1.0,3.0,44.0,7.5,2.0,2.0,1.0,2,0,0,0,1
1.0,1,527916,38.199999999999996,42.0,18.0,1.6666666666666665,1.5,2.25,1.0,4.0,1.6666666666666665,2.0,1.0,1.0,3.2272727272727275,1.6666666666666665,5.0,35.0,58.0,2.0,1.0,1.0,1,4205,0,0,2
1.0,1,530431,38.3,42.0,24.0,2.333333333333333,2.0,2.5,1.0,3.5,2.333333333333333,2.0,1.5,1.0,3.6363636363636367,2.333333333333333,4.75,40.0,8.5,1.5,1.3333333333333333,2.0,1,7113,0,0,2
2.0,1,535176,39.5,60.0,10.0,3.0,2.5,2.75,2.0,3.0,3.0,2.0,2.0,1.0,4.045454545454545,3.0,4.5,38.0,56.0,1.0,1.6666666666666665,1.0,2,0,0,0,2
1.0,1,533942,38.0,66.0,20.0,1.0,3.0,3.0,1.0,5.0,3.0,1.0,1.0,1.0,4.454545454545455,3.0,4.25,46.0,46.0,3.0,2.0,3.0,1,6209,0,0,2
1.0,1,528523,38.7,76.0,34.0,1.0,1.0,5.0,2.0,3.0,3.0,2.0,2.0,2.0,4.863636363636363,4.0,4.0,50.0,8.0,2.0,2.0,1.0,1,2208,0,0,1
1.0,1,534925,39.4,120.0,48.0,1.0,1.0,5.0,1.0,3.0,3.0,3.0,1.0,1.6666666666666667,5.272727272727273,4.0,2.5,56.0,64.0,1.0,2.0,3.0,2,1400,0,0,2
1.0,1,527916,38.3,40.0,18.0,1.0,1.0,1.0,1.0,3.0,1.0,1.0,1.5,1.3333333333333335,5.681818181818182,2.0,1.0,43.0,5.9,1.0,2.6666666666666665,1.0,2,0,0,0,1
2.0,1,528299,38.349999999999994,44.0,24.0,1.0,1.0,1.0,1.0,3.0,3.0,1.0,2.0,1.0,6.090909090909091,1.75,1.0,49.0,6.3,1.4,3.333333333333333,1.0,2,3111,0,0,2
1.0,1,530254,38.4,104.0,40.0,1.0,1.0,3.0,1.0,2.0,4.0,2.0,2.0,3.0,6.5,1.5,4.0,55.0,8.5,1.8,4.0,1.0,1,2124,0,0,2
1.0,1,535085,37.95,65.0,24.0,1.0,1.0,3.0,2.0,5.0,2.5,4.0,3.0,1.0,5.375,1.25,5.0,45.0,7.85,2.2,4.666666666666666,3.0,1,3205,0,0,2
2.0,1,532985,37.5,44.0,20.0,1.0,1.0,3.0,1.0,4.0,1.0,1.0,2.3333333333333335,1.5,4.25,1.0,4.75,35.0,7.2,2.6,5.333333333333333,1.0,2,0,0,0,2
2.0,1,527677,39.0,86.0,16.0,3.0,3.0,5.0,1.0,3.0,3.0,3.0,1.6666666666666667,2.0,3.125,2.0,4.5,68.0,5.8,3.0,6.0,2.0,1,5400,0,0,1
1.0,1,535292,38.5,129.0,48.0,3.0,3.0,3.0,1.0,2.0,4.0,3.0,1.0,3.0,2.0,3.0,4.25,57.0,66.0,3.0,2.0,1.0,1,2206,0,0,2
1.0,1,529729,38.425,104.0,43.5,3.0,3.0,5.0,2.0,2.0,4.0,3.0,1.25,3.0,2.46,4.0,4.0,69.0,8.6,2.0,3.4,2.0,1,2207,0,0,1
2.0,1,518476,38.35,89.33333333333333,39.0,3.0,4.0,6.0,1.6666666666666667,4.0,3.6666666666666665,4.0,1.5,2.3333333333333335,2.92,3.6666666666666665,3.3333333333333335,62.0,27.733333333333334,2.0,3.25,2.0,1,3400,0,0,1
1.0,1,527929,38.275000000000006,74.66666666666667,34.5,2.0,2.5,4.5,1.3333333333333335,3.5,3.3333333333333335,2.5,1.75,1.6666666666666667,3.38,3.3333333333333335,2.666666666666667,55.0,46.86666666666667,2.0,3.0999999999999996,1.0,1,2208,0,0,2
1.0,1,535130,38.2,60.0,30.0,1.0,1.0,3.0,1.0,3.0,3.0,1.0,2.0,1.0,3.84,3.0,2.0,48.0,66.0,2.0,2.9499999999999997,1.0,1,6112,0,0,2
1.0,1,523190,38.300000000000004,68.0,14.0,2.0,2.0,4.0,1.0,4.0,3.5,2.5,1.5,1.0,4.3,3.5,3.0,46.5,68.0,2.0,2.8,2.0,1,4205,0,0,1
1.0,1,533968,38.4,60.0,30.0,3.0,3.0,4.0,2.0,5.0,4.0,4.0,1.0,1.0,5.033333333333333,4.0,4.0,45.0,70.0,3.0,2.0,1.0,1,6111,3111,0,2
2.0,1,528151,38.5,100.0,30.0,3.0,3.0,5.0,2.0,4.0,3.0,4.0,2.0,1.0,5.766666666666667,4.0,5.0,46.0,38.75,3.0,1.8,3.0,2,1111,0,0,1
1.0,1,530239,38.4,84.0,30.0,3.0,1.0,5.0,2.0,4.0,3.0,3.0,2.0,3.0,6.5,4.0,4.0,47.0,7.5,3.0,1.6,2.0,1,2300,0,0,2
2.0,1,528305,37.8,48.0,14.0,3.0,2.0,1.0,1.0,3.0,2.3333333333333335,2.0,1.0,3.0,5.3,1.0,3.25,35.0,7.5,2.3333333333333335,1.4,1.0,2,3111,0,0,1
1.0,1,5279822,38.0,52.0,24.0,3.0,3.0,6.0,2.0,5.0,1.6666666666666667,4.0,1.0,1.0,5.0125,1.0,2.5,68.0,7.8,1.6666666666666667,1.2,2.0,1,2205,0,0,2
2.0,1,534857,37.8,56.0,16.0,1.0,1.0,2.0,1.0,2.0,1.0,1.0,2.0,1.0,4.725,1.0,1.75,44.0,68.0,1.0,1.0,1.0,2,0,0,0,2
2.0,1,534053,38.2,68.0,32.0,2.0,2.0,2.0,1.0,1.0,1.0,1.0,3.0,1.0,4.4375,1.0,1.0,43.0,65.0,1.5,1.825,1.0,2,0,0,0,2
1.0,1,534833,38.5,120.0,60.0,4.0,3.0,6.0,2.0,1.6666666666666665,3.0,1.0,2.0,1.5,4.15,2.0,2.333333333333333,54.0,35.85,2.0,2.65,1.0,1,5400,0,0,2
1.0,1,5278331,39.3,64.0,90.0,2.0,3.0,1.0,1.0,2.333333333333333,3.0,1.0,1.0,2.0,3.8625,3.0,3.6666666666666665,39.0,6.7,2.5,3.4749999999999996,1.0,1,21110,0,0,2
1.0,1,527365,38.4,80.0,30.0,4.0,3.0,1.0,1.0,3.0,3.0,3.0,3.0,3.0,3.575,4.0,5.0,32.0,6.1,3.0,4.3,1.0,1,7209,0,0,1
1.0,1,533887,38.5,60.0,23.0,1.0,1.0,1.0,1.0,2.5,1.0,1.0,2.5,2.5,3.2875,2.5,4.5,33.0,53.0,1.0,3.65,1.0,1,4111,0,0,2
1.0,1,5299603,38.3,60.0,16.0,3.0,1.0,1.0,1.0,2.0,1.0,1.0,2.0,2.0,3.0,1.0,4.0,30.0,6.0,1.0,3.0,1.0,1,31110,0,0,2
1.0,1,528742,37.1,40.0,8.0,2.5,1.0,4.0,1.0,3.0,3.0,1.0,1.0,1.0,3.0,3.0,3.0,23.0,6.7,3.0,2.6666666666666665,1.0,1,3133,0,0,1
2.0,9,5287279,37.650000000000006,100.0,44.0,2.0,1.0,1.0,1.0,4.0,1.0,1.0,1.0,1.5,3.0,1.0,2.5,37.0,4.7,2.0,2.3333333333333335,1.0,2,7111,0,0,2
1.0,1,534788,38.2,48.0,18.0,1.0,1.0,1.0,1.0,3.0,3.0,3.0,1.0,2.0,3.0,4.0,2.0,48.0,74.0,1.0,2.0,1.0,1,5111,0,0,2
1.0,1,529373,38.05,60.0,48.0,3.0,3.0,4.0,2.0,4.0,3.0,4.0,1.25,1.75,3.0,4.0,1.5,58.0,7.6,1.25,2.075,2.0,1,3205,0,0,2
2.0,1,534163,37.9,88.0,24.0,1.0,1.0,2.0,1.0,2.0,2.0,1.0,1.5,1.5,3.0,4.0,1.0,37.0,56.0,1.5,2.15,1.0,2,0,0,0,2
2.0,1,533697,38.0,44.0,12.0,3.0,1.0,1.0,1.5,2.0,1.0,2.0,1.75,1.25,3.0,1.0,2.0,42.0,64.0,1.75,2.2249999999999996,1.0,2,0,0,0,2
2.0,1,529628,38.5,60.0,20.0,1.0,1.0,5.0,2.0,2.0,2.0,1.0,2.0,1.0,3.0,2.0,3.0,63.0,7.5,2.0,2.3,3.0,2,300,0,0,1
2.0,1,521399,38.5,96.0,36.0,3.0,3.0,3.0,2.0,2.0,4.0,2.0,1.0,2.0,3.0,4.0,5.0,70.0,8.5,2.0,2.52,2.0,1,1400,0,0,1
2.0,1,533885,38.3,60.0,20.0,1.0,1.0,1.0,2.0,1.0,3.0,1.0,1.3333333333333333,1.6666666666666667,3.0,3.0,3.5,34.0,66.0,2.0,2.7399999999999998,1.0,2,0,0,0,2
2.0,1,534157,38.5,60.0,40.0,3.0,1.0,2.0,1.0,2.0,1.0,2.0,1.6666666666666665,1.3333333333333335,3.0,3.0,2.0,49.0,59.0,2.0,2.96,1.0,2,0,0,0,2
1.0,1,528047,37.3,48.0,12.0,1.0,1.0,3.0,1.0,3.0,1.0,3.0,2.0,1.0,3.0,3.0,3.0,40.0,6.6,2.0,3.1799999999999997,1.0,1,3205,0,0,1
1.0,1,528641,38.5,86.0,26.0,1.0,1.0,3.0,1.0,4.0,4.0,3.0,2.0,1.0,3.0,3.0,5.0,45.0,7.4,1.0,3.4,2.0,1,3209,0,0,1
1.0,1,534073,37.5,48.0,40.0,1.0,1.0,2.0,1.0,3.0,3.5,2.0,1.0,1.0,3.0,3.5,5.0,41.0,55.0,3.0,2.0,3.0,1,2208,0,0,2
2.0,1,529685,37.2,36.0,9.0,1.0,1.0,1.0,1.0,2.0,3.0,1.0,2.0,1.0,3.0,4.0,1.0,35.0,5.7,2.0,2.5,1.0,2,31110,0,0,2
1.0,1,529528,39.2,68.0,23.0,3.0,1.0,3.0,1.0,4.0,4.0,2.0,2.0,1.0,3.0,4.0,3.0,36.0,6.6,1.0,3.0,1.0,1,3115,0,0,1
2.0,1,528151,38.5,100.0,26.5,3.0,3.0,5.0,2.0,4.0,3.0,4.0,2.0,1.0,3.0,4.0,5.0,43.0,35.8,1.0,2.6,3.0,2,4124,0,0,2
1.0,1,535137,38.5,96.0,30.0,2.0,3.0,4.0,2.0,4.0,4.0,3.0,2.0,1.0,3.0,3.0,5.0,50.0,65.0,1.0,2.2,1.0,1,6111,3112,0,2
1.0,1,530297,38.15,92.0,55.0,2.5,3.0,4.5,2.0,3.6666666666666665,3.5,3.0,2.0,2.0,3.0,3.5,5.0,45.0,8.7,1.0,1.7999999999999998,2.0,1,2208,0,0,2
1.0,1,535338,37.8,88.0,80.0,3.0,3.0,5.0,2.0,3.3333333333333335,3.0,3.0,2.0,3.0,3.0,4.0,5.0,64.0,89.0,1.0,1.4,3.0,1,3205,0,0,2
2.0,1,534478,37.5,44.0,10.0,3.0,1.0,1.0,1.0,3.0,1.0,2.0,2.0,2.3333333333333335,3.0,3.0,3.0,43.0,51.0,1.0,1.0,1.0,2,0,0,0,2
1.0,1,530401,37.9,68.0,20.0,3.5,1.0,2.0,1.0,2.0,4.0,2.0,1.5,1.6666666666666667,3.0,1.0,5.0,45.0,4.0,3.0,2.8,2.0,1,5400,0,0,1
1.0,1,529893,38.0,86.0,24.0,4.0,3.0,4.0,1.0,2.0,4.0,4.0,1.0,1.0,3.0,4.0,5.0,45.0,5.5,1.0,10.1,2.0,1,3111,0,0,1
1.0,9,5294369,38.9,120.0,30.0,1.0,3.0,2.0,2.0,3.0,3.0,3.0,3.0,1.0,3.0,2.5,4.5,47.0,6.3,1.0,5.8,1.0,2,2124,0,0,2
1.0,1,528183,37.6,45.0,12.0,3.0,1.0,3.0,1.0,2.0,2.0,2.0,2.0,1.0,3.15,1.0,4.0,39.0,7.0,2.0,1.5,1.0,1,2112,0,0,1
2.0,1,529183,38.6,56.0,32.0,2.0,1.0,1.0,1.0,1.0,1.0,1.0,2.0,1.0,3.3,2.0,3.0,40.0,7.0,2.0,2.1,1.0,2,0,0,0,1
1.0,1,529135,37.8,40.0,12.0,1.0,1.0,1.0,1.0,1.0,2.0,1.0,2.0,1.0,3.45,1.0,2.0,38.0,7.0,2.0,2.0833333333333335,1.0,1,3111,0,0,2
2.0,1,528977,37.9,58.0,15.0,1.0,1.3333333333333333,1.3333333333333333,1.5,1.3333333333333333,2.0,1.5,2.0,1.0,3.6,1.75,2.5,54.5,9.0,2.0,2.066666666666667,1.0,2,0,0,0,2
1.0,1,5279441,38.0,76.0,18.0,1.0,1.6666666666666665,1.6666666666666665,2.0,1.6666666666666665,2.0,2.0,2.0,1.0,3.75,2.5,3.0,71.0,11.0,2.0,2.05,1.0,1,2209,0,0,1
1.0,1,535240,38.1,40.0,36.0,1.0,2.0,2.0,1.0,2.0,2.0,2.5,2.0,1.0,3.9,3.25,3.5,54.0,9.55,2.0,2.033333333333333,3.0,1,3112,0,0,2
1.0,1,529736,38.650000000000006,52.0,28.0,3.0,3.0,4.0,1.0,3.0,4.0,3.0,2.0,1.0,4.05,4.0,4.0,37.0,8.1,2.0,2.0166666666666666,1.0,1,2111,0,0,2
1.0,1,535029,39.2,88.0,58.0,4.0,4.0,4.0,2.0,5.0,4.0,3.0,2.0,1.0,4.2,4.0,4.0,41.5,37.55,2.0,2.0,3.0,2,3205,0,0,2
1.0,1,535031,38.5,92.0,40.0,4.0,3.0,4.0,1.0,2.0,4.0,3.0,2.0,1.0,4.35,4.0,4.0,46.0,67.0,2.0,2.0,1.0,1,2208,0,0,2
1.0,1,528800,38.1,112.0,13.0,4.0,4.0,4.0,1.0,2.0,3.0,1.0,2.0,1.0,4.5,4.0,4.0,60.0,6.3,3.0,1.8,1.0,1,2205,0,0,1
1.0,1,528178,37.7,66.0,12.0,1.0,1.0,3.0,1.0,3.0,3.0,2.0,2.0,1.0,4.6923076923076925,4.0,4.0,31.5,6.2,2.0,1.6,1.0,1,2208,0,0,1
1.0,1,535392,38.8,50.0,14.0,1.0,1.0,1.0,1.0,3.0,1.0,1.0,1.0,1.0,4.884615384615385,3.0,5.0,38.0,58.0,1.5,4.800000000000001,1.0,1,3111,0,0,2
2.0,1,528931,38.4,54.0,24.0,1.0,1.0,1.0,1.0,1.0,3.0,1.0,2.0,1.0,5.076923076923077,3.0,2.0,49.0,7.2,1.0,8.0,1.0,2,3111,0,0,1
1.0,1,528503,39.2,120.0,20.0,4.0,3.0,5.0,2.0,2.0,3.0,3.0,1.0,3.0,5.269230769230769,2.3333333333333335,4.0,60.0,8.8,3.0,6.0,2.0,1,2205,0,0,2
1.0,9,5289419,38.25,105.0,30.0,3.5,3.0,5.5,2.0,3.5,3.5,3.0,1.5,2.5,5.461538461538462,1.6666666666666667,4.5,45.0,6.5,2.0,4.0,1.0,1,9000,0,0,1
1.0,1,535196,37.3,90.0,40.0,3.0,3.0,6.0,2.0,5.0,4.0,3.0,2.0,2.0,5.653846153846154,1.0,5.0,65.0,50.0,3.0,2.0,3.0,1,3205,0,0,2
1.0,9,534597,38.5,120.0,70.0,3.0,3.0,6.0,1.5,4.5,1.0,3.5,2.0,2.3333333333333335,5.846153846153847,1.0,5.0,35.0,54.0,1.0,1.0,1.0,1,4205,3111,2209,2
1.0,1,534280,38.5,104.0,40.0,3.0,3.0,6.0,1.0,4.0,3.0,4.0,2.0,2.6666666666666665,6.038461538461538,2.5,5.0,53.5,30.2,1.25,2.3,1.0,1,2124,0,0,2
2.0,1,530028,39.5,92.0,28.0,3.0,3.0,6.0,1.0,5.0,4.0,1.0,2.0,3.0,6.230769230769231,4.0,5.0,72.0,6.4,1.5,3.6,2.0,2,3300,0,0,2
1.0,1,5262543,38.5,30.0,18.0,3.5,3.0,4.5,1.5,4.0,3.5,2.0,2.0,2.0,6.423076923076923,3.5,5.0,40.0,7.7,1.75,3.75,1.0,1,2113,0,0,2
1.0,1,530526,38.3,72.0,30.0,4.0,3.0,3.0,2.0,3.0,3.0,3.0,2.0,1.0,6.615384615384615,3.0,5.0,43.0,7.0,2.0,3.9,1.0,1,3113,0,0,1
2.0,1,528729,37.5,48.0,30.0,4.0,1.0,3.0,1.0,3.5,2.0,1.0,1.0,1.0,6.807692307692308,1.0,1.0,48.0,8.6,2.0,3.25,1.0,2,400,0,0,2
1.0,1,528469,38.1,52.0,24.0,1.0,1.0,5.0,1.0,4.0,3.0,1.0,2.0,3.0,7.0,1.0,1.3333333333333333,54.0,7.5,2.0,2.6,2.0,1,2206,0,0,1
2.0,1,528179,38.2,42.0,26.0,1.0,1.0,1.0,1.0,3.0,1.0,2.0,2.0,2.0,6.571428571428571,1.0,1.6666666666666665,36.0,6.9,2.5,1.8,1.0,2,3111,0,0,2
2.0,1,533750,37.9,54.0,42.0,2.0,1.0,5.0,1.0,3.0,1.0,1.0,2.0,1.0,6.142857142857143,1.75,2.0,47.0,54.0,3.0,1.0,1.0,2,0,0,0,2
2.0,1,528702,36.1,88.0,32.0,3.0,3.0,3.0,1.0,3.0,3.0,2.0,2.0,3.0,5.714285714285714,2.5,4.0,45.0,7.0,3.0,4.8,3.0,1,2209,0,0,1
1.0,1,534183,38.1,70.0,22.0,3.5,1.0,3.5,1.0,5.0,3.0,3.0,1.6666666666666667,2.3333333333333335,5.285714285714286,3.25,5.0,36.0,65.0,2.6666666666666665,4.566666666666666,3.0,1,3205,0,0,2
1.0,1,529160,38.0,90.0,30.0,4.0,3.0,4.0,2.0,5.0,4.0,4.0,1.3333333333333335,1.6666666666666667,4.857142857142858,4.0,5.0,55.0,6.1,2.3333333333333335,4.333333333333333,2.0,1,3205,0,0,2
1.0,1,529045,38.2,52.0,16.0,1.0,1.0,2.0,1.0,1.0,2.0,1.0,1.0,1.0,4.428571428571429,1.0,4.5,43.0,8.1,2.0,4.1,1.0,2,0,0,0,1
1.0,1,530354,38.3,36.0,32.0,1.0,1.0,4.0,1.0,5.0,3.0,3.0,2.0,3.0,4.0,1.0,4.0,41.0,5.9,1.6666666666666667,3.8666666666666667,2.0,1,2205,0,0,2
1.0,1,5281091,38.4,92.0,20.0,1.0,2.0,3.0,2.0,3.5,3.0,3.0,2.0,2.3333333333333335,4.625,1.0,4.333333333333333,44.0,6.95,1.3333333333333335,3.6333333333333333,1.0,1,2208,0,0,1
1.0,9,5291409,38.2,124.0,88.0,1.0,3.0,2.0,1.0,2.0,3.0,4.0,2.0,1.6666666666666667,5.25,2.5,4.666666666666667,47.0,8.0,1.0,3.4,1.0,1,9400,0,0,1
2.0,1,528904,37.900000000000006,96.0,60.0,3.0,3.0,3.0,2.0,5.0,4.0,4.0,2.0,1.0,5.875,4.0,5.0,60.0,7.6,1.0,3.166666666666667,2.0,1,41110,0,0,2
1.0,1,530366,37.6,68.0,32.0,3.0,3.0,3.0,1.0,4.0,2.0,4.0,2.0,2.0,6.5,1.0,5.0,47.0,7.2,1.0,2.9333333333333336,1.0,1,3209,0,0,2
1.0,1,530170,38.1,88.0,24.0,3.0,3.0,4.0,1.0,5.0,4.0,3.0,2.0,1.0,5.375,3.0,4.0,41.0,4.6,2.0,2.7,2.0,1,2209,0,0,2
1.0,1,527709,38.0,108.0,60.0,2.0,3.0,4.0,1.0,4.0,3.0,3.0,2.0,1.0,4.25,3.0,4.0,37.5,5.6,3.0,2.466666666666667,1.0,1,2205,0,0,2
2.0,1,528169,38.2,48.0,55.5,2.0,3.5,1.0,2.0,3.0,3.0,1.0,2.0,1.0,3.125,3.25,2.0,34.0,6.6,3.0,2.2333333333333334,1.0,2,3111,0,0,2
1.0,1,535043,39.3,100.0,51.0,4.0,4.0,6.0,1.0,2.0,4.0,1.0,1.0,3.0,2.0,3.5,4.0,66.0,13.0,3.0,2.0,3.0,1,2113,0,0,2
2.0,1,527940,36.6,42.0,18.0,3.0,3.0,2.0,1.0,1.0,4.0,1.0,1.0,1.0,2.7857142857142856,3.75,5.0,52.0,7.1,3.0,2.2,2.0,1,5111,0,0,2
1.0,9,5291719,38.8,124.0,36.0,3.0,1.0,2.0,1.0,2.0,3.0,4.0,1.0,1.0,3.571428571428571,4.0,4.0,50.0,7.6,3.0,2.4,2.0,1,2208,0,0,1
2.0,1,530561,38.8,112.0,24.0,3.0,3.0,4.0,2.0,5.0,4.0,2.0,1.0,1.0,4.357142857142858,4.0,4.5,40.0,5.3,3.0,2.6,1.0,2,400,0,0,1
1.0,1,533738,38.8,80.0,54.0,3.0,3.0,3.0,1.0,4.0,4.0,4.0,1.0,1.0,5.142857142857142,4.0,5.0,43.0,70.0,2.6666666666666665,2.4,1.0,1,3111,0,0,2
1.0,9,5294539,38.8,184.0,84.0,1.0,2.0,1.0,1.0,4.0,1.0,3.0,1.0,1.0,5.928571428571429,2.0,5.0,33.0,3.3,2.3333333333333335,2.2,2.0,1,7111,0,0,2
1.0,1,533871,37.5,72.0,56.0,2.0,1.0,1.0,1.0,2.0,1.0,1.0,1.0,1.0,6.714285714285714,1.0,5.0,35.0,65.0,2.0,2.0,3.0,1,7209,0,0,2
1.0,1,529812,38.7,96.0,28.0,3.0,3.0,4.0,1.0,2.0,4.0,1.5,1.5,3.0,7.5,2.0,5.0,64.0,9.0,1.5,1.5,2.0,1,2205,0,0,1
2.0,1,534719,37.5,52.0,12.0,1.0,1.0,1.0,1.0,2.0,3.0,2.0,2.0,1.0,7.083333333333333,3.0,5.0,36.0,61.0,1.0,1.0,1.0,2,0,0,0,2
1.0,1,527734,40.8,72.0,42.0,3.0,3.0,1.0,1.0,2.0,3.0,1.0,2.0,1.0,6.666666666666667,3.5,4.0,54.0,7.4,3.0,1.44,2.0,1,11400,0,0,1
2.0,1,534933,38.0,40.0,25.0,2.5,1.0,1.0,1.0,4.0,3.0,2.0,1.0,1.0,6.25,4.0,3.0,37.0,69.0,3.0,1.8800000000000001,1.0,2,0,0,0,2
2.0,1,529296,38.4,48.0,16.0,2.0,1.0,1.0,1.0,1.0,3.3333333333333335,2.0,2.0,1.0,5.833333333333333,4.0,2.0,39.0,6.5,3.0,2.3200000000000003,1.0,2,3111,0,0,1
2.0,9,5305629,38.6,88.0,28.0,2.3333333333333335,1.0,2.0,1.5,2.5,3.6666666666666665,2.0,2.0,2.0,5.416666666666666,4.0,3.0,35.0,5.9,3.0,2.7600000000000002,1.0,2,0,0,0,2
1.0,1,528743,37.1,75.0,36.0,2.6666666666666665,1.0,3.0,2.0,4.0,4.0,2.0,2.0,3.0,5.0,4.0,4.0,48.0,7.4,3.0,3.2,2.0,1,12208,0,0,1
1.0,1,530478,38.3,44.0,21.0,3.0,1.0,2.0,1.0,3.0,3.0,3.0,2.0,1.0,5.1,1.0,5.0,44.0,6.5,2.0,4.4,1.0,1,2209,0,0,1
2.0,1,528590,38.45,56.0,68.0,3.0,1.0,1.0,1.0,3.0,3.0,1.0,2.0,1.0,5.2,1.0,5.0,40.0,6.0,1.5,4.057142857142858,3.0,1,5206,0,0,2
2.0,1,529865,38.6,68.0,20.0,2.0,1.0,3.0,1.0,3.0,3.0,2.0,1.0,1.0,5.300000000000001,1.0,5.0,38.0,6.5,1.0,3.7142857142857144,1.0,2,5124,0,0,1
2.0,1,527829,38.3,54.0,18.0,3.0,1.0,2.0,1.0,2.0,3.0,2.0,1.0,3.0,5.4,2.0,4.0,44.0,7.2,3.0,3.371428571428572,1.0,2,2124,0,0,1
1.0,1,534403,38.2,42.0,20.0,2.5,2.0,1.0,1.0,2.3333333333333335,3.0,1.5,1.0,2.5,5.95,3.0,4.5,47.0,60.0,3.0,3.0285714285714285,1.0,2,0,0,0,2
1.0,1,527883,39.3,64.0,90.0,2.0,3.0,1.0,1.0,2.6666666666666665,3.0,1.0,1.0,2.0,6.5,1.0,5.0,39.0,6.7,3.0,2.685714285714286,1.0,1,31110,0,0,2
1.0,1,528570,37.5,60.0,50.0,3.0,3.0,1.0,1.0,3.0,3.0,2.0,2.0,2.0,3.5,3.0,4.0,35.0,6.5,3.0,2.342857142857143,2.0,1,2209,0,0,2
1.0,1,534626,37.7,80.0,40.0,3.0,3.0,6.0,1.0,5.0,4.0,1.0,2.0,3.0,3.25,3.0,1.0,50.0,55.0,3.0,2.0,1.0,1,4206,0,0,2
1.0,1,529796,37.7,100.0,30.0,3.0,3.0,4.0,2.0,5.0,4.0,4.0,3.0,3.0,3.0,4.0,4.0,52.0,6.6,3.0,1.8,1.0,1,2124,0,0,2
1.0,1,528638,37.7,120.0,28.0,3.0,3.0,3.0,1.0,5.0,3.0,3.0,1.0,1.0,2.75,3.75,4.5,65.0,7.0,3.0,1.6,2.0,1,4205,0,0,1
1.0,1,534624,38.25,76.0,39.0,2.0,3.0,4.5,1.5,5.0,4.0,4.0,1.0,1.0,2.5,3.5,5.0,57.5,6.6,2.6666666666666665,1.4,3.0,1,11124,0,0,2
1.0,9,5297159,38.8,150.0,50.0,1.0,3.0,6.0,2.0,5.0,3.0,2.0,1.0,1.0,2.25,3.25,4.0,50.0,6.2,2.3333333333333335,1.2,2.0,1,4207,0,0,2
1.0,1,534787,38.0,36.0,16.0,3.0,1.0,1.0,1.0,4.0,2.0,2.0,3.0,3.0,2.0,3.0,3.0,37.0,75.0,2.0,1.0,3.0,2,3111,0,0,2
2.0,1,528620,36.9,50.0,40.0,2.0,3.0,3.0,1.0,1.0,3.0,2.0,3.0,1.0,7.0,2.0,2.0,37.5,6.5,1.6666666666666667,1.5,1.0,2,3111,0,0,2
2.0,1,528019,37.8,40.0,16.0,1.0,1.0,1.0,1.0,1.0,1.0,1.0,2.5,1.5,7.25,1.0,1.0,37.0,6.8,1.3333333333333335,2.0,1.0,2,0,0,0,2
2.0,1,529172,38.2,56.0,40.0,4.0,3.0,1.0,1.0,2.0,4.0,3.0,2.0,2.0,7.5,2.0,1.0,47.0,7.2,1.0,2.5,1.0,2,8300,0,0,1
1.0,1,534644,38.6,48.0,12.0,3.5,3.0,1.0,1.0,1.0,1.0,2.0,1.5,1.5,7.458333333333333,3.0,1.0,36.0,67.0,1.2,3.4,1.0,2,0,0,0,2
2.0,1,530624,40.0,78.0,14.0,3.0,3.0,5.0,1.0,2.0,3.0,1.0,1.0,1.0,7.416666666666667,4.0,1.0,66.0,6.5,1.4,4.3,2.0,1,8400,0,0,1
1.0,1,527544,39.1,70.0,16.0,3.0,4.0,5.0,2.0,2.0,3.0,2.0,2.0,1.0,7.375,4.0,5.0,60.0,7.5,1.6,5.2,2.0,1,1400,0,0,2
1.0,1,527758,38.2,72.0,18.0,2.0,2.5,3.0,1.5,2.5,2.0,1.5,2.0,1.0,7.333333333333333,2.5,5.0,35.0,6.4,1.8,6.1,1.0,1,3124,0,0,2
2.0,1,530439,38.5,54.0,21.0,1.0,1.0,1.0,1.0,3.0,1.0,1.0,2.0,1.0,7.291666666666667,1.0,5.0,40.0,6.8,2.0,7.0,1.0,2,0,0,0,1
1.0,1,5283431,38.5,66.0,24.0,1.0,1.0,1.0,1.0,3.0,3.0,1.0,2.0,1.0,7.25,4.0,5.0,40.0,6.7,1.0,6.66,1.0,1,31110,0,0,1
2.0,1,5275212,37.8,82.0,12.0,3.0,1.0,1.0,2.0,4.0,2.75,3.0,1.0,3.0,7.208333333333333,3.75,4.2,50.0,7.0,1.0,6.32,3.0,1,2205,0,0,2
2.0,9,5305129,39.5,84.0,30.0,2.75,1.0,1.0,1.0,3.6666666666666665,2.5,2.6666666666666665,1.2,2.8,7.166666666666667,3.5,3.4,28.0,5.0,1.0,5.98,1.0,2,0,0,0,2
1.0,1,529428,38.75,67.0,33.0,2.5,1.0,1.0,1.0,3.3333333333333335,2.25,2.3333333333333335,1.4,2.6,7.125,3.25,2.5999999999999996,33.5,5.8,1.0,5.64,1.0,1,2124,0,0,2
1.0,1,529126,38.0,50.0,36.0,2.25,1.0,1.0,1.0,3.0,2.0,2.0,1.6,2.4,7.083333333333333,3.0,1.7999999999999998,39.0,6.6,1.0,5.3,1.0,1,8400,0,0,1
2.0,1,535054,38.6,45.0,16.0,2.0,1.0,2.0,1.0,1.0,1.0,2.5,1.8,2.2,7.041666666666667,1.0,1.0,43.0,58.0,2.0,4.475,1.0,2,0,0,0,2
1.0,1,528890,38.9,80.0,44.0,3.0,3.0,3.0,1.0,2.0,3.0,3.0,2.0,2.0,7.0,3.0,1.0,54.0,6.5,3.0,3.65,2.0,1,7111,0,0,2
1.0,1,530034,37.0,66.0,20.0,1.0,3.0,2.0,1.0,4.0,3.0,3.0,1.0,1.5,7.0,1.0,5.0,35.0,6.9,2.0,2.825,2.0,1,31110,0,0,2
1.0,1,534004,37.75,78.0,24.0,3.0,3.0,3.0,1.0,3.0,3.0,2.0,2.0,1.0,7.0,2.0,4.0,43.0,62.0,2.25,2.0,3.0,2,2209,0,0,2
2.0,1,533902,38.5,40.0,16.0,1.0,1.0,1.0,1.0,2.0,1.0,1.0,2.3333333333333335,1.0,7.0,3.0,2.0,37.0,67.0,2.5,2.433333333333333,1.0,2,0,0,0,2
1.0,1,533886,37.85,120.0,70.0,4.0,1.5,4.0,2.0,2.0,4.0,2.0,2.6666666666666665,1.0,7.0,3.5,5.0,55.0,65.0,2.75,2.8666666666666667,3.0,2,3205,0,0,2
2.0,1,527702,37.2,72.0,24.0,3.0,2.0,4.0,2.0,4.0,3.0,3.0,3.0,1.0,7.0,4.0,4.0,44.0,35.9,3.0,3.3,3.0,1,2208,0,0,1
1.0,1,529386,37.5,72.0,30.0,4.0,3.0,4.0,1.0,4.0,4.0,3.0,2.0,1.0,7.0,3.0,5.0,60.0,6.8,3.0,3.3499999999999996,2.0,1,3205,0,0,2
1.0,1,530612,36.5,100.0,24.0,3.0,3.0,3.0,1.0,3.0,3.0,3.0,3.0,1.0,7.0,4.0,4.0,50.0,6.0,3.0,3.4,1.0,1,2208,0,0,1
1.0,1,534618,37.2,40.0,20.0,3.0,3.0,3.0,1.0,3.0,3.0,3.0,3.0,1.0,7.0,4.0,1.0,36.0,62.0,1.0,1.0,3.0,2,6112,0,0,2
